lamp_id,full_scores
Group_1,"{'single_primer_scores': [{'primer': 'F3', 'sequence': 'AATTGGTGCAGTTCTTGG', 'gc': 44.44, 'tm': 54.7, 'delta_g_5p': -6.49, 'delta_g_3p': -6.72, 'hairpin': (False, 0.0), 'gc_score': 0.7, 'tm_score': 0.26, 'delta_g_score': 1, 'hairpin_score': 1.0}, {'primer': 'F2', 'sequence': 'AAATTACGTCAACAAATGGC', 'gc': 35.0, 'tm': 54.52, 'delta_g_5p': -4.32, 'delta_g_3p': -7.59, 'hairpin': (False, 0.0), 'gc_score': 0, 'tm_score': 0.2, 'delta_g_score': 1, 'hairpin_score': 1.0}, {'primer': 'F1c', 'sequence': 'GCAGCATTACTTTTGATACAAAC', 'gc': 34.78, 'tm': 56.53, 'delta_g_5p': -8.29, 'delta_g_3p': -5.18, 'hairpin': (False, 0.0), 'gc_score': 0, 'tm_score': 0, 'delta_g_score': 1, 'hairpin_score': 1.0}, {'primer': 'B1c', 'sequence': 'GCATAGAAGTTTGGCTTGATATT', 'gc': 34.78, 'tm': 56.82, 'delta_g_5p': -5.59, 'delta_g_3p': -3.85, 'hairpin': (False, -0.04), 'gc_score': 0, 'tm_score': 0, 'delta_g_score': 1, 'hairpin_score': 1.0}, {'primer': 'B2', 'sequence': 'GTTATCTGTATAACCAGTGACT', 'gc': 36.36, 'tm': 54.27, 'delta_g_5p': -3.95, 'delta_g_3p': -4.95, 'hairpin': (True, -0.46), 'gc_score': 0, 'tm_score': 0.11, 'delta_g_score': 1, 'hairpin_score': 0.5}, {'primer': 'B3', 'sequence': 'TTTTTAACTGATTGTGCACG', 'gc': 35.0, 'tm': 54.47, 'delta_g_5p': -4.79, 'delta_g_3p': -8.58, 'hairpin': (False, 0.0), 'gc_score': 0, 'tm_score': 0.18, 'delta_g_score': 1, 'hairpin_score': 1.0}], 'distances': {'distance_F2_to_B2_end': 206, 'distance_F2_to_F1': 79, 'distance_F2_to_F3': 37, 'distance_B2_to_B1': 76, 'distance_B2_to_B3': 39}, 'distance_score': 0.15, 'dimer_count': 0, 'dimer_score': 1.0}"
Group_2,"{'single_primer_scores': [{'primer': 'F3', 'sequence': 'GTTATTTCGACAGTGGTAGG', 'gc': 45.0, 'tm': 54.99, 'delta_g_5p': -3.95, 'delta_g_3p': -6.25, 'hairpin': (False, 0.0), 'gc_score': 0.7, 'tm_score': 0.36, 'delta_g_score': 1, 'hairpin_score': 1.0}, {'primer': 'F2', 'sequence': 'GCAGCAGTAGTATTATCTGG', 'gc': 45.0, 'tm': 54.53, 'delta_g_5p': -8.29, 'delta_g_3p': -6.25, 'hairpin': (False, 0.0), 'gc_score': 0.7, 'tm_score': 0.2, 'delta_g_score': 1, 'hairpin_score': 1.0}, {'primer': 'F1c', 'sequence': 'ATTAGGTACTTTAATTGGCGCAG', 'gc': 39.13, 'tm': 58.73, 'delta_g_5p': -5.12, 'delta_g_3p': -9.42, 'hairpin': (True, -0.22), 'gc_score': 0, 'tm_score': 0, 'delta_g_score': 1, 'hairpin_score': 0.5}, {'primer': 'B1c', 'sequence': 'GCTAGAGTTTGCACTTGATTTAG', 'gc': 39.13, 'tm': 57.35, 'delta_g_5p': -5.42, 'delta_g_3p': -4.09, 'hairpin': (False, 0.3), 'gc_score': 0, 'tm_score': 0, 'delta_g_score': 1, 'hairpin_score': 1.0}, {'primer': 'B2', 'sequence': 'TCTCTTTCTGGTCAAGGTAT', 'gc': 40.0, 'tm': 54.6, 'delta_g_5p': -5.05, 'delta_g_3p': -4.75, 'hairpin': (False, 0.0), 'gc_score': 0.7, 'tm_score': 0.23, 'delta_g_score': 1, 'hairpin_score': 1.0}, {'primer': 'B3', 'sequence': 'AGAACCATCTGGATTACGG', 'gc': 47.37, 'tm': 55.58, 'delta_g_5p': -5.95, 'delta_g_3p': -6.99, 'hairpin': (False, -0.13), 'gc_score': 0.7, 'tm_score': 0.53, 'delta_g_score': 1, 'hairpin_score': 1.0}], 'distances': {'distance_F2_to_B2_end': 210, 'distance_F2_to_F1': 71, 'distance_F2_to_F3': 1, 'distance_B2_to_B1': 76, 'distance_B2_to_B3': 43}, 'distance_score': 0.25, 'dimer_count': 0, 'dimer_score': 1.0}"
Group_3,"{'single_primer_scores': [{'primer': 'F3', 'sequence': 'AAATTACGTCAACAAATGGC', 'gc': 35.0, 'tm': 54.52, 'delta_g_5p': -4.32, 'delta_g_3p': -7.59, 'hairpin': (False, 0.0), 'gc_score': 0, 'tm_score': 0.2, 'delta_g_score': 1, 'hairpin_score': 1.0}, {'primer': 'F2', 'sequence': 'TGGTTCTGTTCAATTGATCA', 'gc': 35.0, 'tm': 54.26, 'delta_g_5p': -6.58, 'delta_g_3p': -5.85, 'hairpin': (False, 0.0), 'gc_score': 0, 'tm_score': 0.1, 'delta_g_score': 1, 'hairpin_score': 1.0}, {'primer': 'F1c', 'sequence': 'TAGACAAAGTAGCTCAAACATTG', 'gc': 34.78, 'tm': 56.38, 'delta_g_5p': -4.58, 'delta_g_3p': -5.48, 'hairpin': (False, 0.42), 'gc_score': 0, 'tm_score': 0, 'delta_g_score': 1, 'hairpin_score': 1.0}, {'primer': 'B1c', 'sequence': 'AAAATAGCGCTCTTGTTATCTTC', 'gc': 34.78, 'tm': 56.83, 'delta_g_5p': -4.32, 'delta_g_3p': -4.82, 'hairpin': (False, 0.0), 'gc_score': 0, 'tm_score': 0, 'delta_g_score': 1, 'hairpin_score': 1.0}, {'primer': 'B2', 'sequence': 'TTTTTAACTGATTGTGCACG', 'gc': 35.0, 'tm': 54.47, 'delta_g_5p': -4.79, 'delta_g_3p': -8.58, 'hairpin': (False, 0.0), 'gc_score': 0, 'tm_score': 0.18, 'delta_g_score': 1, 'hairpin_score': 1.0}, {'primer': 'B3', 'sequence': 'ATAACCTTGTGCATCGATAC', 'gc': 40.0, 'tm': 54.72, 'delta_g_5p': -4.99, 'delta_g_3p': -5.48, 'hairpin': (False, 0.0), 'gc_score': 0.7, 'tm_score': 0.27, 'delta_g_score': 1, 'hairpin_score': 1.0}], 'distances': {'distance_F2_to_B2_end': 212, 'distance_F2_to_F1': 83, 'distance_F2_to_F3': 33, 'distance_B2_to_B1': 81, 'distance_B2_to_B3': 32}, 'distance_score': 0.18, 'dimer_count': 1, 'dimer_score': 0.67}"
Group_4,"{'single_primer_scores': [{'primer': 'F3', 'sequence': 'ATCAAGCCAAACTTCTATGC', 'gc': 40.0, 'tm': 55.5, 'delta_g_5p': -5.22, 'delta_g_3p': -5.59, 'hairpin': (False, 0.05), 'gc_score': 0.7, 'tm_score': 0.51, 'delta_g_score': 1, 'hairpin_score': 1.0}, {'primer': 'F2', 'sequence': 'AACAAGAGCGCTATTTTAGT', 'gc': 35.0, 'tm': 54.46, 'delta_g_5p': -5.32, 'delta_g_3p': -4.19, 'hairpin': (False, 0.0), 'gc_score': 0, 'tm_score': 0.18, 'delta_g_score': 1, 'hairpin_score': 1.0}, {'primer': 'F1c', 'sequence': 'CGTGCACAATCAGTTAAAAACTA', 'gc': 34.78, 'tm': 57.46, 'delta_g_5p': -8.58, 'delta_g_3p': -4.19, 'hairpin': (False, -0.2), 'gc_score': 0, 'tm_score': 0, 'delta_g_score': 1, 'hairpin_score': 1.0}, {'primer': 'B1c', 'sequence': 'CTAGATGAAAGGCCTTTACCAG', 'gc': 45.45, 'tm': 57.77, 'delta_g_5p': -3.85, 'delta_g_3p': -5.62, 'hairpin': (False, 0.33), 'gc_score': 0.7, 'tm_score': 0, 'delta_g_score': 0, 'hairpin_score': 1.0}, {'primer': 'B2', 'sequence': 'TTTTGTTCACGGCCAGAC', 'gc': 50.0, 'tm': 57.46, 'delta_g_5p': -5.55, 'delta_g_3p': -6.35, 'hairpin': (False, 0.0), 'gc_score': 1.0, 'tm_score': 0.91, 'delta_g_score': 1, 'hairpin_score': 1.0}, {'primer': 'B3', 'sequence': 'TAGATGCTGATTTCTACACG', 'gc': 40.0, 'tm': 54.09, 'delta_g_5p': -4.48, 'delta_g_3p': -5.98, 'hairpin': (True, 0.0), 'gc_score': 0.7, 'tm_score': 0.04, 'delta_g_score': 1, 'hairpin_score': 0.5}], 'distances': {'distance_F2_to_B2_end': 202, 'distance_F2_to_F1': 78, 'distance_F2_to_F3': 37, 'distance_B2_to_B1': 75, 'distance_B2_to_B3': 4}, 'distance_score': 0.26, 'dimer_count': 3, 'dimer_score': 0}"
Group_5,"{'single_primer_scores': [{'primer': 'F3', 'sequence': 'GTTATTTCGACAGTGGTAGG', 'gc': 45.0, 'tm': 54.99, 'delta_g_5p': -3.95, 'delta_g_3p': -6.25, 'hairpin': (False, 0.0), 'gc_score': 0.7, 'tm_score': 0.36, 'delta_g_score': 1, 'hairpin_score': 1.0}, {'primer': 'F2', 'sequence': 'GCAGCAGTAGTATTATCTGG', 'gc': 45.0, 'tm': 54.53, 'delta_g_5p': -8.29, 'delta_g_3p': -6.25, 'hairpin': (False, 0.0), 'gc_score': 0.7, 'tm_score': 0.2, 'delta_g_score': 1, 'hairpin_score': 1.0}, {'primer': 'F1c', 'sequence': 'CAGCTGGTTATGGTATTTCTAAA', 'gc': 34.78, 'tm': 55.91, 'delta_g_5p': -6.95, 'delta_g_3p': -4.55, 'hairpin': (False, 0.0), 'gc_score': 0, 'tm_score': 0, 'delta_g_score': 1, 'hairpin_score': 1.0}, {'primer': 'B1c', 'sequence': 'TTGTTTTGACGGCTAGAGTTT', 'gc': 38.1, 'tm': 57.57, 'delta_g_5p': -5.55, 'delta_g_3p': -4.92, 'hairpin': (False, 0.0), 'gc_score': 0, 'tm_score': 0, 'delta_g_score': 1, 'hairpin_score': 1.0}, {'primer': 'B2', 'sequence': 'GCCATTTGTTGACGTAATTT', 'gc': 35.0, 'tm': 54.52, 'delta_g_5p': -7.59, 'delta_g_3p': -4.32, 'hairpin': (False, 0.0), 'gc_score': 0, 'tm_score': 0.2, 'delta_g_score': 1, 'hairpin_score': 1.0}, {'primer': 'B3', 'sequence': 'TGATCAATTGAACAGAACCA', 'gc': 35.0, 'tm': 54.26, 'delta_g_5p': -5.85, 'delta_g_3p': -6.58, 'hairpin': (False, 0.0), 'gc_score': 0, 'tm_score': 0.1, 'delta_g_score': 1, 'hairpin_score': 1.0}], 'distances': {'distance_F2_to_B2_end': 232, 'distance_F2_to_F1': 94, 'distance_F2_to_F3': 1, 'distance_B2_to_B1': 87, 'distance_B2_to_B3': 33}, 'distance_score': 0.29, 'dimer_count': 1, 'dimer_score': 0.67}"
Group_6,"{'single_primer_scores': [{'primer': 'F3', 'sequence': 'GTTATTTCGACAGTGGTAGG', 'gc': 45.0, 'tm': 54.99, 'delta_g_5p': -3.95, 'delta_g_3p': -6.25, 'hairpin': (False, 0.0), 'gc_score': 0.7, 'tm_score': 0.36, 'delta_g_score': 1, 'hairpin_score': 1.0}, {'primer': 'F2', 'sequence': 'GCAGCAGTAGTATTATCTGG', 'gc': 45.0, 'tm': 54.53, 'delta_g_5p': -8.29, 'delta_g_3p': -6.25, 'hairpin': (False, 0.0), 'gc_score': 0.7, 'tm_score': 0.2, 'delta_g_score': 1, 'hairpin_score': 1.0}, {'primer': 'F1c', 'sequence': 'ATTAGGTACTTTAATTGGCGCAG', 'gc': 39.13, 'tm': 58.73, 'delta_g_5p': -5.12, 'delta_g_3p': -9.42, 'hairpin': (True, -0.22), 'gc_score': 0, 'tm_score': 0, 'delta_g_score': 1, 'hairpin_score': 0.5}, {'primer': 'B1c', 'sequence': 'TTGTTTTGACGGCTAGAGTTT', 'gc': 38.1, 'tm': 57.57, 'delta_g_5p': -5.55, 'delta_g_3p': -4.92, 'hairpin': (False, 0.0), 'gc_score': 0, 'tm_score': 0, 'delta_g_score': 1, 'hairpin_score': 1.0}, {'primer': 'B2', 'sequence': 'GCCATTTGTTGACGTAATTT', 'gc': 35.0, 'tm': 54.52, 'delta_g_5p': -7.59, 'delta_g_3p': -4.32, 'hairpin': (False, 0.0), 'gc_score': 0, 'tm_score': 0.2, 'delta_g_score': 1, 'hairpin_score': 1.0}, {'primer': 'B3', 'sequence': 'TGATCAATTGAACAGAACCA', 'gc': 35.0, 'tm': 54.26, 'delta_g_5p': -5.85, 'delta_g_3p': -6.58, 'hairpin': (False, 0.0), 'gc_score': 0, 'tm_score': 0.1, 'delta_g_score': 1, 'hairpin_score': 1.0}], 'distances': {'distance_F2_to_B2_end': 232, 'distance_F2_to_F1': 71, 'distance_F2_to_F3': 1, 'distance_B2_to_B1': 87, 'distance_B2_to_B3': 33}, 'distance_score': 0.29, 'dimer_count': 1, 'dimer_score': 0.67}"
Group_7,"{'single_primer_scores': [{'primer': 'F3', 'sequence': 'ACAAATCAAATATCAAGCCA', 'gc': 30.0, 'tm': 52.47, 'delta_g_5p': -5.09, 'delta_g_3p': -7.82, 'hairpin': (False, 0.0), 'gc_score': 0, 'tm_score': 0, 'delta_g_score': 1, 'hairpin_score': 1.0}, {'primer': 'F2', 'sequence': 'TTGGCTGAAGATAACAAGAG', 'gc': 40.0, 'tm': 54.47, 'delta_g_5p': -7.82, 'delta_g_3p': -5.45, 'hairpin': (False, 0.0), 'gc_score': 0.7, 'tm_score': 0.18, 'delta_g_score': 1, 'hairpin_score': 1.0}, {'primer': 'F1c', 'sequence': 'TTATCTCAATCACGTGCACAATC', 'gc': 39.13, 'tm': 58.97, 'delta_g_5p': -4.08, 'delta_g_3p': -5.08, 'hairpin': (False, 0.0), 'gc_score': 0, 'tm_score': 0, 'delta_g_score': 1, 'hairpin_score': 1.0}, {'primer': 'B1c', 'sequence': 'GCCTTTACCAGCTAAATAGTTTT', 'gc': 34.78, 'tm': 56.68, 'delta_g_5p': -7.42, 'delta_g_3p': -4.92, 'hairpin': (True, 0.0), 'gc_score': 0, 'tm_score': 0, 'delta_g_score': 1, 'hairpin_score': 0.5}, {'primer': 'B2', 'sequence': 'TTTTGTTCACGGCCAGAC', 'gc': 50.0, 'tm': 57.46, 'delta_g_5p': -5.55, 'delta_g_3p': -6.35, 'hairpin': (False, 0.0), 'gc_score': 1.0, 'tm_score': 0.91, 'delta_g_score': 1, 'hairpin_score': 1.0}, {'primer': 'B3', 'sequence': 'TAGATGCTGATTTCTACACG', 'gc': 40.0, 'tm': 54.09, 'delta_g_5p': -4.48, 'delta_g_3p': -5.98, 'hairpin': (True, 0.0), 'gc_score': 0.7, 'tm_score': 0.04, 'delta_g_score': 1, 'hairpin_score': 0.5}], 'distances': {'distance_F2_to_B2_end': 214, 'distance_F2_to_F1': 78, 'distance_F2_to_F3': 36, 'distance_B2_to_B1': 86, 'distance_B2_to_B3': 4}, 'distance_score': 0.27, 'dimer_count': 0, 'dimer_score': 1.0}"
Group_8,"{'single_primer_scores': [{'primer': 'F3', 'sequence': 'ACAAATCAAATATCAAGCCA', 'gc': 30.0, 'tm': 52.47, 'delta_g_5p': -5.09, 'delta_g_3p': -7.82, 'hairpin': (False, 0.0), 'gc_score': 0, 'tm_score': 0, 'delta_g_score': 1, 'hairpin_score': 1.0}, {'primer': 'F2', 'sequence': 'TTGGCTGAAGATAACAAGAG', 'gc': 40.0, 'tm': 54.47, 'delta_g_5p': -7.82, 'delta_g_3p': -5.45, 'hairpin': (False, 0.0), 'gc_score': 0.7, 'tm_score': 0.18, 'delta_g_score': 1, 'hairpin_score': 1.0}, {'primer': 'F1c', 'sequence': 'TTATCTCAATCACGTGCACAATC', 'gc': 39.13, 'tm': 58.97, 'delta_g_5p': -4.08, 'delta_g_3p': -5.08, 'hairpin': (False, 0.0), 'gc_score': 0, 'tm_score': 0, 'delta_g_score': 1, 'hairpin_score': 1.0}, {'primer': 'B1c', 'sequence': 'CTAGATGAAAGGCCTTTACCAG', 'gc': 45.45, 'tm': 57.77, 'delta_g_5p': -3.85, 'delta_g_3p': -5.62, 'hairpin': (False, 0.33), 'gc_score': 0.7, 'tm_score': 0, 'delta_g_score': 0, 'hairpin_score': 1.0}, {'primer': 'B2', 'sequence': 'TTTTGTTCACGGCCAGAC', 'gc': 50.0, 'tm': 57.46, 'delta_g_5p': -5.55, 'delta_g_3p': -6.35, 'hairpin': (False, 0.0), 'gc_score': 1.0, 'tm_score': 0.91, 'delta_g_score': 1, 'hairpin_score': 1.0}, {'primer': 'B3', 'sequence': 'TAGATGCTGATTTCTACACG', 'gc': 40.0, 'tm': 54.09, 'delta_g_5p': -4.48, 'delta_g_3p': -5.98, 'hairpin': (True, 0.0), 'gc_score': 0.7, 'tm_score': 0.04, 'delta_g_score': 1, 'hairpin_score': 0.5}], 'distances': {'distance_F2_to_B2_end': 214, 'distance_F2_to_F1': 78, 'distance_F2_to_F3': 36, 'distance_B2_to_B1': 75, 'distance_B2_to_B3': 4}, 'distance_score': 0.27, 'dimer_count': 3, 'dimer_score': 0}"
Group_9,"{'single_primer_scores': [{'primer': 'F3', 'sequence': 'GTTATTTCGACAGTGGTAGG', 'gc': 45.0, 'tm': 54.99, 'delta_g_5p': -3.95, 'delta_g_3p': -6.25, 'hairpin': (False, 0.0), 'gc_score': 0.7, 'tm_score': 0.36, 'delta_g_score': 1, 'hairpin_score': 1.0}, {'primer': 'F2', 'sequence': 'GCAGCAGTAGTATTATCTGG', 'gc': 45.0, 'tm': 54.53, 'delta_g_5p': -8.29, 'delta_g_3p': -6.25, 'hairpin': (False, 0.0), 'gc_score': 0.7, 'tm_score': 0.2, 'delta_g_score': 1, 'hairpin_score': 1.0}, {'primer': 'F1c', 'sequence': 'CAGCTGGTTATGGTATTTCTAAA', 'gc': 34.78, 'tm': 55.91, 'delta_g_5p': -6.95, 'delta_g_3p': -4.55, 'hairpin': (False, 0.0), 'gc_score': 0, 'tm_score': 0, 'delta_g_score': 1, 'hairpin_score': 1.0}, {'primer': 'B1c', 'sequence': 'CTGCAGCACGGTTGTTTTGA', 'gc': 50.0, 'tm': 61.46, 'delta_g_5p': -6.95, 'delta_g_3p': -5.92, 'hairpin': (False, 0.0), 'gc_score': 1.0, 'tm_score': 0.74, 'delta_g_score': 1, 'hairpin_score': 1.0}, {'primer': 'B2', 'sequence': 'GCCATTTGTTGACGTAATTT', 'gc': 35.0, 'tm': 54.52, 'delta_g_5p': -7.59, 'delta_g_3p': -4.32, 'hairpin': (False, 0.0), 'gc_score': 0, 'tm_score': 0.2, 'delta_g_score': 1, 'hairpin_score': 1.0}, {'primer': 'B3', 'sequence': 'TGATCAATTGAACAGAACCA', 'gc': 35.0, 'tm': 54.26, 'delta_g_5p': -5.85, 'delta_g_3p': -6.58, 'hairpin': (False, 0.0), 'gc_score': 0, 'tm_score': 0.1, 'delta_g_score': 1, 'hairpin_score': 1.0}], 'distances': {'distance_F2_to_B2_end': 232, 'distance_F2_to_F1': 94, 'distance_F2_to_F3': 1, 'distance_B2_to_B1': 76, 'distance_B2_to_B3': 33}, 'distance_score': 0.29, 'dimer_count': 1, 'dimer_score': 0.67}"
Group_10,"{'single_primer_scores': [{'primer': 'F3', 'sequence': 'GTTATTTCGACAGTGGTAGG', 'gc': 45.0, 'tm': 54.99, 'delta_g_5p': -3.95, 'delta_g_3p': -6.25, 'hairpin': (False, 0.0), 'gc_score': 0.7, 'tm_score': 0.36, 'delta_g_score': 1, 'hairpin_score': 1.0}, {'primer': 'F2', 'sequence': 'GCAGCAGTAGTATTATCTGG', 'gc': 45.0, 'tm': 54.53, 'delta_g_5p': -8.29, 'delta_g_3p': -6.25, 'hairpin': (False, 0.0), 'gc_score': 0.7, 'tm_score': 0.2, 'delta_g_score': 1, 'hairpin_score': 1.0}, {'primer': 'F1c', 'sequence': 'ATTAGGTACTTTAATTGGCGCAG', 'gc': 39.13, 'tm': 58.73, 'delta_g_5p': -5.12, 'delta_g_3p': -9.42, 'hairpin': (True, -0.22), 'gc_score': 0, 'tm_score': 0, 'delta_g_score': 1, 'hairpin_score': 0.5}, {'primer': 'B1c', 'sequence': 'CTGCAGCACGGTTGTTTTGA', 'gc': 50.0, 'tm': 61.46, 'delta_g_5p': -6.95, 'delta_g_3p': -5.92, 'hairpin': (False, 0.0), 'gc_score': 1.0, 'tm_score': 0.74, 'delta_g_score': 1, 'hairpin_score': 1.0}, {'primer': 'B2', 'sequence': 'GCCATTTGTTGACGTAATTT', 'gc': 35.0, 'tm': 54.52, 'delta_g_5p': -7.59, 'delta_g_3p': -4.32, 'hairpin': (False, 0.0), 'gc_score': 0, 'tm_score': 0.2, 'delta_g_score': 1, 'hairpin_score': 1.0}, {'primer': 'B3', 'sequence': 'TGATCAATTGAACAGAACCA', 'gc': 35.0, 'tm': 54.26, 'delta_g_5p': -5.85, 'delta_g_3p': -6.58, 'hairpin': (False, 0.0), 'gc_score': 0, 'tm_score': 0.1, 'delta_g_score': 1, 'hairpin_score': 1.0}], 'distances': {'distance_F2_to_B2_end': 232, 'distance_F2_to_F1': 71, 'distance_F2_to_F3': 1, 'distance_B2_to_B1': 76, 'distance_B2_to_B3': 33}, 'distance_score': 0.29, 'dimer_count': 1, 'dimer_score': 0.67}"
Group_11,"{'single_primer_scores': [{'primer': 'F3', 'sequence': 'GTTATTTCGACAGTGGTAGG', 'gc': 45.0, 'tm': 54.99, 'delta_g_5p': -3.95, 'delta_g_3p': -6.25, 'hairpin': (False, 0.0), 'gc_score': 0.7, 'tm_score': 0.36, 'delta_g_score': 1, 'hairpin_score': 1.0}, {'primer': 'F2', 'sequence': 'TAATAATCTTGGTGGCGTTG', 'gc': 40.0, 'tm': 55.22, 'delta_g_5p': -3.59, 'delta_g_3p': -8.19, 'hairpin': (False, 0.0), 'gc_score': 0.7, 'tm_score': 0.43, 'delta_g_score': 1, 'hairpin_score': 1.0}, {'primer': 'F1c', 'sequence': 'CTAAATCAAGTGCAAACTCTAGC', 'gc': 39.13, 'tm': 57.35, 'delta_g_5p': -4.09, 'delta_g_3p': -5.42, 'hairpin': (False, 0.0), 'gc_score': 0, 'tm_score': 0, 'delta_g_score': 1, 'hairpin_score': 1.0}, {'primer': 'B1c', 'sequence': 'CTGCAGCACGGTTGTTTTGA', 'gc': 50.0, 'tm': 61.46, 'delta_g_5p': -6.95, 'delta_g_3p': -5.92, 'hairpin': (False, 0.0), 'gc_score': 1.0, 'tm_score': 0.74, 'delta_g_score': 1, 'hairpin_score': 1.0}, {'primer': 'B2', 'sequence': 'GCCATTTGTTGACGTAATTT', 'gc': 35.0, 'tm': 54.52, 'delta_g_5p': -7.59, 'delta_g_3p': -4.32, 'hairpin': (False, 0.0), 'gc_score': 0, 'tm_score': 0.2, 'delta_g_score': 1, 'hairpin_score': 1.0}, {'primer': 'B3', 'sequence': 'TGATCAATTGAACAGAACCA', 'gc': 35.0, 'tm': 54.26, 'delta_g_5p': -5.85, 'delta_g_3p': -6.58, 'hairpin': (False, 0.0), 'gc_score': 0, 'tm_score': 0.1, 'delta_g_score': 1, 'hairpin_score': 1.0}], 'distances': {'distance_F2_to_B2_end': 197, 'distance_F2_to_F1': 77, 'distance_F2_to_F3': 36, 'distance_B2_to_B1': 76, 'distance_B2_to_B3': 33}, 'distance_score': 0.17, 'dimer_count': 1, 'dimer_score': 0.67}"
Group_12,"{'single_primer_scores': [{'primer': 'F3', 'sequence': 'ATCAAGCCAAACTTCTATGC', 'gc': 40.0, 'tm': 55.5, 'delta_g_5p': -5.22, 'delta_g_3p': -5.59, 'hairpin': (False, 0.05), 'gc_score': 0.7, 'tm_score': 0.51, 'delta_g_score': 1, 'hairpin_score': 1.0}, {'primer': 'F2', 'sequence': 'AACAAGAGCGCTATTTTAGT', 'gc': 35.0, 'tm': 54.46, 'delta_g_5p': -5.32, 'delta_g_3p': -4.19, 'hairpin': (False, 0.0), 'gc_score': 0, 'tm_score': 0.18, 'delta_g_score': 1, 'hairpin_score': 1.0}, {'primer': 'F1c', 'sequence': 'CGTGCACAATCAGTTAAAAACTA', 'gc': 34.78, 'tm': 57.46, 'delta_g_5p': -8.58, 'delta_g_3p': -4.19, 'hairpin': (False, -0.2), 'gc_score': 0, 'tm_score': 0, 'delta_g_score': 1, 'hairpin_score': 1.0}, {'primer': 'B1c', 'sequence': 'CATCGATACGGCTAGATGAAA', 'gc': 42.86, 'tm': 56.91, 'delta_g_5p': -6.98, 'delta_g_3p': -5.45, 'hairpin': (False, -0.51), 'gc_score': 0.7, 'tm_score': 0, 'delta_g_score': 1, 'hairpin_score': 1.0}, {'primer': 'B2', 'sequence': 'ATTTCTACACGGCGGTTTT', 'gc': 42.11, 'tm': 57.03, 'delta_g_5p': -4.82, 'delta_g_3p': -6.19, 'hairpin': (False, 0.0), 'gc_score': 0.7, 'tm_score': 0.84, 'delta_g_score': 1, 'hairpin_score': 1.0}, {'primer': 'B3', 'sequence': 'TTATTGTTTTGCATAGATG', 'gc': 26.32, 'tm': 47.67, 'delta_g_5p': -4.72, 'delta_g_3p': -4.48, 'hairpin': (False, 0.0), 'gc_score': 0, 'tm_score': 0, 'delta_g_score': 1, 'hairpin_score': 1.0}], 'distances': {'distance_F2_to_B2_end': 217, 'distance_F2_to_F1': 78, 'distance_F2_to_F3': 37, 'distance_B2_to_B1': 79, 'distance_B2_to_B3': 3}, 'distance_score': 0.27, 'dimer_count': 0, 'dimer_score': 1.0}"
Group_13,"{'single_primer_scores': [{'primer': 'F3', 'sequence': 'AAACTCTAGCCGTCAAAAC', 'gc': 42.11, 'tm': 54.78, 'delta_g_5p': -4.92, 'delta_g_3p': -5.55, 'hairpin': (False, 0.0), 'gc_score': 0.7, 'tm_score': 0.29, 'delta_g_score': 1, 'hairpin_score': 1.0}, {'primer': 'F2', 'sequence': 'GCTGCTGGTGGTGTATAC', 'gc': 55.56, 'tm': 56.77, 'delta_g_5p': -7.65, 'delta_g_3p': -2.85, 'hairpin': (False, 0.0), 'gc_score': 1.0, 'tm_score': 0.8, 'delta_g_score': 0, 'hairpin_score': 1.0}, {'primer': 'F1c', 'sequence': 'GCCGTAATCCAGATGGTTCT', 'gc': 50.0, 'tm': 59.02, 'delta_g_5p': -8.09, 'delta_g_3p': -5.95, 'hairpin': (False, 0.05), 'gc_score': 1.0, 'tm_score': 0.01, 'delta_g_score': 1, 'hairpin_score': 1.0}, {'primer': 'B1c', 'sequence': 'CTGCCAGGCATGATCAATTGAA', 'gc': 45.45, 'tm': 61.14, 'delta_g_5p': -8.22, 'delta_g_3p': -5.45, 'hairpin': (False, -0.07), 'gc_score': 0.7, 'tm_score': 0.67, 'delta_g_score': 1, 'hairpin_score': 1.0}, {'primer': 'B2', 'sequence': 'CTCTTGTTATCTTCAGCCAA', 'gc': 40.0, 'tm': 54.47, 'delta_g_5p': -5.45, 'delta_g_3p': -7.82, 'hairpin': (False, 0.0), 'gc_score': 0.7, 'tm_score': 0.18, 'delta_g_score': 1, 'hairpin_score': 1.0}, {'primer': 'B3', 'sequence': 'TGATTGAGTCATTACCAGTG', 'gc': 40.0, 'tm': 54.18, 'delta_g_5p': -5.85, 'delta_g_3p': -6.75, 'hairpin': (False, 0.0), 'gc_score': 0.7, 'tm_score': 0.07, 'delta_g_score': 1, 'hairpin_score': 1.0}], 'distances': {'distance_F2_to_B2_end': 211, 'distance_F2_to_F1': 76, 'distance_F2_to_F3': 33, 'distance_B2_to_B1': 93, 'distance_B2_to_B3': 30}, 'distance_score': 0.19, 'dimer_count': 1, 'dimer_score': 0.67}"
Group_14,"{'single_primer_scores': [{'primer': 'F3', 'sequence': 'ACAAATCAAATATCAAGCCA', 'gc': 30.0, 'tm': 52.47, 'delta_g_5p': -5.09, 'delta_g_3p': -7.82, 'hairpin': (False, 0.0), 'gc_score': 0, 'tm_score': 0, 'delta_g_score': 1, 'hairpin_score': 1.0}, {'primer': 'F2', 'sequence': 'TTGGCTGAAGATAACAAGAG', 'gc': 40.0, 'tm': 54.47, 'delta_g_5p': -7.82, 'delta_g_3p': -5.45, 'hairpin': (False, 0.0), 'gc_score': 0.7, 'tm_score': 0.18, 'delta_g_score': 1, 'hairpin_score': 1.0}, {'primer': 'F1c', 'sequence': 'TTATCTCAATCACGTGCACAATC', 'gc': 39.13, 'tm': 58.97, 'delta_g_5p': -4.08, 'delta_g_3p': -5.08, 'hairpin': (False, 0.0), 'gc_score': 0, 'tm_score': 0, 'delta_g_score': 1, 'hairpin_score': 1.0}, {'primer': 'B1c', 'sequence': 'CATCGATACGGCTAGATGAAA', 'gc': 42.86, 'tm': 56.91, 'delta_g_5p': -6.98, 'delta_g_3p': -5.45, 'hairpin': (False, -0.51), 'gc_score': 0.7, 'tm_score': 0, 'delta_g_score': 1, 'hairpin_score': 1.0}, {'primer': 'B2', 'sequence': 'ATTTCTACACGGCGGTTTT', 'gc': 42.11, 'tm': 57.03, 'delta_g_5p': -4.82, 'delta_g_3p': -6.19, 'hairpin': (False, 0.0), 'gc_score': 0.7, 'tm_score': 0.84, 'delta_g_score': 1, 'hairpin_score': 1.0}, {'primer': 'B3', 'sequence': 'TTATTGTTTTGCATAGATG', 'gc': 26.32, 'tm': 47.67, 'delta_g_5p': -4.72, 'delta_g_3p': -4.48, 'hairpin': (False, 0.0), 'gc_score': 0, 'tm_score': 0, 'delta_g_score': 1, 'hairpin_score': 1.0}], 'distances': {'distance_F2_to_B2_end': 229, 'distance_F2_to_F1': 78, 'distance_F2_to_F3': 36, 'distance_B2_to_B1': 79, 'distance_B2_to_B3': 3}, 'distance_score': 0.27, 'dimer_count': 0, 'dimer_score': 1.0}"
Group_15,"{'single_primer_scores': [{'primer': 'F3', 'sequence': 'GTTATTTCGACAGTGGTAGG', 'gc': 45.0, 'tm': 54.99, 'delta_g_5p': -3.95, 'delta_g_3p': -6.25, 'hairpin': (False, 0.0), 'gc_score': 0.7, 'tm_score': 0.36, 'delta_g_score': 1, 'hairpin_score': 1.0}, {'primer': 'F2', 'sequence': 'GCAGCAGTAGTATTATCTGG', 'gc': 45.0, 'tm': 54.53, 'delta_g_5p': -8.29, 'delta_g_3p': -6.25, 'hairpin': (False, 0.0), 'gc_score': 0.7, 'tm_score': 0.2, 'delta_g_score': 1, 'hairpin_score': 1.0}, {'primer': 'F1c', 'sequence': 'ATAAAGCCGCATTAGGTACTTTA', 'gc': 34.78, 'tm': 57.32, 'delta_g_5p': -4.09, 'delta_g_3p': -4.19, 'hairpin': (False, -0.22), 'gc_score': 0, 'tm_score': 0, 'delta_g_score': 1, 'hairpin_score': 1.0}, {'primer': 'B1c', 'sequence': 'GCTAGAGTTTGCACTTGATTTAG', 'gc': 39.13, 'tm': 57.35, 'delta_g_5p': -5.42, 'delta_g_3p': -4.09, 'hairpin': (False, 0.3), 'gc_score': 0, 'tm_score': 0, 'delta_g_score': 1, 'hairpin_score': 1.0}, {'primer': 'B2', 'sequence': 'TCTCTTTCTGGTCAAGGTAT', 'gc': 40.0, 'tm': 54.6, 'delta_g_5p': -5.05, 'delta_g_3p': -4.75, 'hairpin': (False, 0.0), 'gc_score': 0.7, 'tm_score': 0.23, 'delta_g_score': 1, 'hairpin_score': 1.0}, {'primer': 'B3', 'sequence': 'AGAACCATCTGGATTACGG', 'gc': 47.37, 'tm': 55.58, 'delta_g_5p': -5.95, 'delta_g_3p': -6.99, 'hairpin': (False, -0.13), 'gc_score': 0.7, 'tm_score': 0.53, 'delta_g_score': 1, 'hairpin_score': 1.0}], 'distances': {'distance_F2_to_B2_end': 210, 'distance_F2_to_F1': 61, 'distance_F2_to_F3': 1, 'distance_B2_to_B1': 76, 'distance_B2_to_B3': 43}, 'distance_score': 0.25, 'dimer_count': 0, 'dimer_score': 1.0}"
Group_16,"{'single_primer_scores': [{'primer': 'F3', 'sequence': 'GTTATTTCGACAGTGGTAGG', 'gc': 45.0, 'tm': 54.99, 'delta_g_5p': -3.95, 'delta_g_3p': -6.25, 'hairpin': (False, 0.0), 'gc_score': 0.7, 'tm_score': 0.36, 'delta_g_score': 1, 'hairpin_score': 1.0}, {'primer': 'F2', 'sequence': 'GCAGCAGTAGTATTATCTGG', 'gc': 45.0, 'tm': 54.53, 'delta_g_5p': -8.29, 'delta_g_3p': -6.25, 'hairpin': (False, 0.0), 'gc_score': 0.7, 'tm_score': 0.2, 'delta_g_score': 1, 'hairpin_score': 1.0}, {'primer': 'F1c', 'sequence': 'ATAAAGCCGCATTAGGTACTTTA', 'gc': 34.78, 'tm': 57.32, 'delta_g_5p': -4.09, 'delta_g_3p': -4.19, 'hairpin': (False, -0.22), 'gc_score': 0, 'tm_score': 0, 'delta_g_score': 1, 'hairpin_score': 1.0}, {'primer': 'B1c', 'sequence': 'TTTAGAAATACCATAACCAGCTG', 'gc': 34.78, 'tm': 55.91, 'delta_g_5p': -4.55, 'delta_g_3p': -6.95, 'hairpin': (False, 0.0), 'gc_score': 0, 'tm_score': 0, 'delta_g_score': 1, 'hairpin_score': 1.0}, {'primer': 'B2', 'sequence': 'TCTCTTTCTGGTCAAGGTAT', 'gc': 40.0, 'tm': 54.6, 'delta_g_5p': -5.05, 'delta_g_3p': -4.75, 'hairpin': (False, 0.0), 'gc_score': 0.7, 'tm_score': 0.23, 'delta_g_score': 1, 'hairpin_score': 1.0}, {'primer': 'B3', 'sequence': 'AGAACCATCTGGATTACGG', 'gc': 47.37, 'tm': 55.58, 'delta_g_5p': -5.95, 'delta_g_3p': -6.99, 'hairpin': (False, -0.13), 'gc_score': 0.7, 'tm_score': 0.53, 'delta_g_score': 1, 'hairpin_score': 1.0}], 'distances': {'distance_F2_to_B2_end': 210, 'distance_F2_to_F1': 61, 'distance_F2_to_F3': 1, 'distance_B2_to_B1': 94, 'distance_B2_to_B3': 43}, 'distance_score': 0.25, 'dimer_count': 0, 'dimer_score': 1.0}"
Group_17,"{'single_primer_scores': [{'primer': 'F3', 'sequence': 'GTTATTTCGACAGTGGTAGG', 'gc': 45.0, 'tm': 54.99, 'delta_g_5p': -3.95, 'delta_g_3p': -6.25, 'hairpin': (False, 0.0), 'gc_score': 0.7, 'tm_score': 0.36, 'delta_g_score': 1, 'hairpin_score': 1.0}, {'primer': 'F2', 'sequence': 'GCAGCAGTAGTATTATCTGG', 'gc': 45.0, 'tm': 54.53, 'delta_g_5p': -8.29, 'delta_g_3p': -6.25, 'hairpin': (False, 0.0), 'gc_score': 0.7, 'tm_score': 0.2, 'delta_g_score': 1, 'hairpin_score': 1.0}, {'primer': 'F1c', 'sequence': 'ATAAAGCCGCATTAGGTACTTTA', 'gc': 34.78, 'tm': 57.32, 'delta_g_5p': -4.09, 'delta_g_3p': -4.19, 'hairpin': (False, -0.22), 'gc_score': 0, 'tm_score': 0, 'delta_g_score': 1, 'hairpin_score': 1.0}, {'primer': 'B1c', 'sequence': 'TTGTTTTGACGGCTAGAGTTT', 'gc': 38.1, 'tm': 57.57, 'delta_g_5p': -5.55, 'delta_g_3p': -4.92, 'hairpin': (False, 0.0), 'gc_score': 0, 'tm_score': 0, 'delta_g_score': 1, 'hairpin_score': 1.0}, {'primer': 'B2', 'sequence': 'GCCATTTGTTGACGTAATTT', 'gc': 35.0, 'tm': 54.52, 'delta_g_5p': -7.59, 'delta_g_3p': -4.32, 'hairpin': (False, 0.0), 'gc_score': 0, 'tm_score': 0.2, 'delta_g_score': 1, 'hairpin_score': 1.0}, {'primer': 'B3', 'sequence': 'TGATCAATTGAACAGAACCA', 'gc': 35.0, 'tm': 54.26, 'delta_g_5p': -5.85, 'delta_g_3p': -6.58, 'hairpin': (False, 0.0), 'gc_score': 0, 'tm_score': 0.1, 'delta_g_score': 1, 'hairpin_score': 1.0}], 'distances': {'distance_F2_to_B2_end': 232, 'distance_F2_to_F1': 61, 'distance_F2_to_F3': 1, 'distance_B2_to_B1': 87, 'distance_B2_to_B3': 33}, 'distance_score': 0.29, 'dimer_count': 1, 'dimer_score': 0.67}"
Group_18,"{'single_primer_scores': [{'primer': 'F3', 'sequence': 'ACTTCTATGCAACTTTAGACA', 'gc': 33.33, 'tm': 54.04, 'delta_g_5p': -4.68, 'delta_g_3p': -4.58, 'hairpin': (True, 0.0), 'gc_score': 0, 'tm_score': 0.02, 'delta_g_score': 1, 'hairpin_score': 0.5}, {'primer': 'F2', 'sequence': 'CGCTATTTTAGTCACTGGTT', 'gc': 40.0, 'tm': 54.87, 'delta_g_5p': -6.72, 'delta_g_3p': -6.35, 'hairpin': (False, 0.0), 'gc_score': 0.7, 'tm_score': 0.32, 'delta_g_score': 1, 'hairpin_score': 1.0}, {'primer': 'F1c', 'sequence': 'AAAACTATTTAGCTGGTAAAGGC', 'gc': 34.78, 'tm': 56.68, 'delta_g_5p': -4.92, 'delta_g_3p': -7.42, 'hairpin': (True, 0.24), 'gc_score': 0, 'tm_score': 0, 'delta_g_score': 1, 'hairpin_score': 0.5}, {'primer': 'B1c', 'sequence': 'CATAACCTTGTGCATCGATAC', 'gc': 42.86, 'tm': 56.31, 'delta_g_5p': -4.35, 'delta_g_3p': -5.48, 'hairpin': (False, 0.0), 'gc_score': 0.7, 'tm_score': 0, 'delta_g_score': 1, 'hairpin_score': 1.0}, {'primer': 'B2', 'sequence': 'ATTTCTACACGGCGGTTTT', 'gc': 42.11, 'tm': 57.03, 'delta_g_5p': -4.82, 'delta_g_3p': -6.19, 'hairpin': (False, 0.0), 'gc_score': 0.7, 'tm_score': 0.84, 'delta_g_score': 1, 'hairpin_score': 1.0}, {'primer': 'B3', 'sequence': 'TTATTGTTTTGCATAGATG', 'gc': 26.32, 'tm': 47.67, 'delta_g_5p': -4.72, 'delta_g_3p': -4.48, 'hairpin': (False, 0.0), 'gc_score': 0, 'tm_score': 0, 'delta_g_score': 1, 'hairpin_score': 1.0}], 'distances': {'distance_F2_to_B2_end': 209, 'distance_F2_to_F1': 86, 'distance_F2_to_F3': 34, 'distance_B2_to_B1': 67, 'distance_B2_to_B3': 3}, 'distance_score': 0.28, 'dimer_count': 2, 'dimer_score': 0.33}"
Group_19,"{'single_primer_scores': [{'primer': 'F3', 'sequence': 'GTTATTTCGACAGTGGTAGG', 'gc': 45.0, 'tm': 54.99, 'delta_g_5p': -3.95, 'delta_g_3p': -6.25, 'hairpin': (False, 0.0), 'gc_score': 0.7, 'tm_score': 0.36, 'delta_g_score': 1, 'hairpin_score': 1.0}, {'primer': 'F2', 'sequence': 'GCAGCAGTAGTATTATCTGG', 'gc': 45.0, 'tm': 54.53, 'delta_g_5p': -8.29, 'delta_g_3p': -6.25, 'hairpin': (False, 0.0), 'gc_score': 0.7, 'tm_score': 0.2, 'delta_g_score': 1, 'hairpin_score': 1.0}, {'primer': 'F1c', 'sequence': 'ATAAAGCCGCATTAGGTACTTTA', 'gc': 34.78, 'tm': 57.32, 'delta_g_5p': -4.09, 'delta_g_3p': -4.19, 'hairpin': (False, -0.22), 'gc_score': 0, 'tm_score': 0, 'delta_g_score': 1, 'hairpin_score': 1.0}, {'primer': 'B1c', 'sequence': 'CTGCAGCACGGTTGTTTTGA', 'gc': 50.0, 'tm': 61.46, 'delta_g_5p': -6.95, 'delta_g_3p': -5.92, 'hairpin': (False, 0.0), 'gc_score': 1.0, 'tm_score': 0.74, 'delta_g_score': 1, 'hairpin_score': 1.0}, {'primer': 'B2', 'sequence': 'GCCATTTGTTGACGTAATTT', 'gc': 35.0, 'tm': 54.52, 'delta_g_5p': -7.59, 'delta_g_3p': -4.32, 'hairpin': (False, 0.0), 'gc_score': 0, 'tm_score': 0.2, 'delta_g_score': 1, 'hairpin_score': 1.0}, {'primer': 'B3', 'sequence': 'TGATCAATTGAACAGAACCA', 'gc': 35.0, 'tm': 54.26, 'delta_g_5p': -5.85, 'delta_g_3p': -6.58, 'hairpin': (False, 0.0), 'gc_score': 0, 'tm_score': 0.1, 'delta_g_score': 1, 'hairpin_score': 1.0}], 'distances': {'distance_F2_to_B2_end': 232, 'distance_F2_to_F1': 61, 'distance_F2_to_F3': 1, 'distance_B2_to_B1': 76, 'distance_B2_to_B3': 33}, 'distance_score': 0.29, 'dimer_count': 1, 'dimer_score': 0.67}"
Group_20,"{'single_primer_scores': [{'primer': 'F3', 'sequence': 'ACTTCTATGCAACTTTAGACA', 'gc': 33.33, 'tm': 54.04, 'delta_g_5p': -4.68, 'delta_g_3p': -4.58, 'hairpin': (True, 0.0), 'gc_score': 0, 'tm_score': 0.02, 'delta_g_score': 1, 'hairpin_score': 0.5}, {'primer': 'F2', 'sequence': 'CGCTATTTTAGTCACTGGTT', 'gc': 40.0, 'tm': 54.87, 'delta_g_5p': -6.72, 'delta_g_3p': -6.35, 'hairpin': (False, 0.0), 'gc_score': 0.7, 'tm_score': 0.32, 'delta_g_score': 1, 'hairpin_score': 1.0}, {'primer': 'F1c', 'sequence': 'AAAACTATTTAGCTGGTAAAGGC', 'gc': 34.78, 'tm': 56.68, 'delta_g_5p': -4.92, 'delta_g_3p': -7.42, 'hairpin': (True, 0.24), 'gc_score': 0, 'tm_score': 0, 'delta_g_score': 1, 'hairpin_score': 0.5}, {'primer': 'B1c', 'sequence': 'CATCGATACGGCTAGATGAAA', 'gc': 42.86, 'tm': 56.91, 'delta_g_5p': -6.98, 'delta_g_3p': -5.45, 'hairpin': (False, -0.51), 'gc_score': 0.7, 'tm_score': 0, 'delta_g_score': 1, 'hairpin_score': 1.0}, {'primer': 'B2', 'sequence': 'ATTTCTACACGGCGGTTTT', 'gc': 42.11, 'tm': 57.03, 'delta_g_5p': -4.82, 'delta_g_3p': -6.19, 'hairpin': (False, 0.0), 'gc_score': 0.7, 'tm_score': 0.84, 'delta_g_score': 1, 'hairpin_score': 1.0}, {'primer': 'B3', 'sequence': 'TTATTGTTTTGCATAGATG', 'gc': 26.32, 'tm': 47.67, 'delta_g_5p': -4.72, 'delta_g_3p': -4.48, 'hairpin': (False, 0.0), 'gc_score': 0, 'tm_score': 0, 'delta_g_score': 1, 'hairpin_score': 1.0}], 'distances': {'distance_F2_to_B2_end': 209, 'distance_F2_to_F1': 86, 'distance_F2_to_F3': 34, 'distance_B2_to_B1': 79, 'distance_B2_to_B3': 3}, 'distance_score': 0.28, 'dimer_count': 2, 'dimer_score': 0.33}"
Group_21,"{'single_primer_scores': [{'primer': 'F3', 'sequence': 'ATCAAGCCAAACTTCTATGC', 'gc': 40.0, 'tm': 55.5, 'delta_g_5p': -5.22, 'delta_g_3p': -5.59, 'hairpin': (False, 0.05), 'gc_score': 0.7, 'tm_score': 0.51, 'delta_g_score': 1, 'hairpin_score': 1.0}, {'primer': 'F2', 'sequence': 'AACAAGAGCGCTATTTTAGT', 'gc': 35.0, 'tm': 54.46, 'delta_g_5p': -5.32, 'delta_g_3p': -4.19, 'hairpin': (False, 0.0), 'gc_score': 0, 'tm_score': 0.18, 'delta_g_score': 1, 'hairpin_score': 1.0}, {'primer': 'F1c', 'sequence': 'CGTGCACAATCAGTTAAAAACTA', 'gc': 34.78, 'tm': 57.46, 'delta_g_5p': -8.58, 'delta_g_3p': -4.19, 'hairpin': (False, -0.2), 'gc_score': 0, 'tm_score': 0, 'delta_g_score': 1, 'hairpin_score': 1.0}, {'primer': 'B1c', 'sequence': 'CATAACCTTGTGCATCGATAC', 'gc': 42.86, 'tm': 56.31, 'delta_g_5p': -4.35, 'delta_g_3p': -5.48, 'hairpin': (False, 0.0), 'gc_score': 0.7, 'tm_score': 0, 'delta_g_score': 1, 'hairpin_score': 1.0}, {'primer': 'B2', 'sequence': 'ATTTCTACACGGCGGTTTT', 'gc': 42.11, 'tm': 57.03, 'delta_g_5p': -4.82, 'delta_g_3p': -6.19, 'hairpin': (False, 0.0), 'gc_score': 0.7, 'tm_score': 0.84, 'delta_g_score': 1, 'hairpin_score': 1.0}, {'primer': 'B3', 'sequence': 'TTATTGTTTTGCATAGATG', 'gc': 26.32, 'tm': 47.67, 'delta_g_5p': -4.72, 'delta_g_3p': -4.48, 'hairpin': (False, 0.0), 'gc_score': 0, 'tm_score': 0, 'delta_g_score': 1, 'hairpin_score': 1.0}], 'distances': {'distance_F2_to_B2_end': 217, 'distance_F2_to_F1': 78, 'distance_F2_to_F3': 37, 'distance_B2_to_B1': 67, 'distance_B2_to_B3': 3}, 'distance_score': 0.27, 'dimer_count': 0, 'dimer_score': 1.0}"
Group_22,"{'single_primer_scores': [{'primer': 'F3', 'sequence': 'CGTGCATTAGTTATTTCGAC', 'gc': 40.0, 'tm': 54.27, 'delta_g_5p': -8.58, 'delta_g_3p': -6.68, 'hairpin': (False, 0.0), 'gc_score': 0.7, 'tm_score': 0.11, 'delta_g_score': 1, 'hairpin_score': 1.0}, {'primer': 'F2', 'sequence': 'TGGTAGGGGCAGCAGTAGTA', 'gc': 55.0, 'tm': 61.45, 'delta_g_5p': -5.62, 'delta_g_3p': -3.08, 'hairpin': (False, 0.0), 'gc_score': 1.0, 'tm_score': 0.99, 'delta_g_score': 0, 'hairpin_score': 1.0}, {'primer': 'F1c', 'sequence': 'TTGAATACGATAAAGCCGCATT', 'gc': 36.36, 'tm': 58.33, 'delta_g_5p': -5.45, 'delta_g_3p': -8.09, 'hairpin': (False, 0.0), 'gc_score': 0, 'tm_score': 0, 'delta_g_score': 1, 'hairpin_score': 1.0}, {'primer': 'B1c', 'sequence': 'GCTAGAGTTTGCACTTGATTTAG', 'gc': 39.13, 'tm': 57.35, 'delta_g_5p': -5.42, 'delta_g_3p': -4.09, 'hairpin': (False, 0.3), 'gc_score': 0, 'tm_score': 0, 'delta_g_score': 1, 'hairpin_score': 1.0}, {'primer': 'B2', 'sequence': 'TCTCTTTCTGGTCAAGGTAT', 'gc': 40.0, 'tm': 54.6, 'delta_g_5p': -5.05, 'delta_g_3p': -4.75, 'hairpin': (False, 0.0), 'gc_score': 0.7, 'tm_score': 0.23, 'delta_g_score': 1, 'hairpin_score': 1.0}, {'primer': 'B3', 'sequence': 'AGAACCATCTGGATTACGG', 'gc': 47.37, 'tm': 55.58, 'delta_g_5p': -5.95, 'delta_g_3p': -6.99, 'hairpin': (False, -0.13), 'gc_score': 0.7, 'tm_score': 0.53, 'delta_g_score': 1, 'hairpin_score': 1.0}], 'distances': {'distance_F2_to_B2_end': 218, 'distance_F2_to_F1': 60, 'distance_F2_to_F3': 2, 'distance_B2_to_B1': 76, 'distance_B2_to_B3': 43}, 'distance_score': 0.25, 'dimer_count': 0, 'dimer_score': 1.0}"
Group_23,"{'single_primer_scores': [{'primer': 'F3', 'sequence': 'CGTGCATTAGTTATTTCGAC', 'gc': 40.0, 'tm': 54.27, 'delta_g_5p': -8.58, 'delta_g_3p': -6.68, 'hairpin': (False, 0.0), 'gc_score': 0.7, 'tm_score': 0.11, 'delta_g_score': 1, 'hairpin_score': 1.0}, {'primer': 'F2', 'sequence': 'TGGTAGGGGCAGCAGTAGTA', 'gc': 55.0, 'tm': 61.45, 'delta_g_5p': -5.62, 'delta_g_3p': -3.08, 'hairpin': (False, 0.0), 'gc_score': 1.0, 'tm_score': 0.99, 'delta_g_score': 0, 'hairpin_score': 1.0}, {'primer': 'F1c', 'sequence': 'TTGAATACGATAAAGCCGCATT', 'gc': 36.36, 'tm': 58.33, 'delta_g_5p': -5.45, 'delta_g_3p': -8.09, 'hairpin': (False, 0.0), 'gc_score': 0, 'tm_score': 0, 'delta_g_score': 1, 'hairpin_score': 1.0}, {'primer': 'B1c', 'sequence': 'TTTAGAAATACCATAACCAGCTG', 'gc': 34.78, 'tm': 55.91, 'delta_g_5p': -4.55, 'delta_g_3p': -6.95, 'hairpin': (False, 0.0), 'gc_score': 0, 'tm_score': 0, 'delta_g_score': 1, 'hairpin_score': 1.0}, {'primer': 'B2', 'sequence': 'TCTCTTTCTGGTCAAGGTAT', 'gc': 40.0, 'tm': 54.6, 'delta_g_5p': -5.05, 'delta_g_3p': -4.75, 'hairpin': (False, 0.0), 'gc_score': 0.7, 'tm_score': 0.23, 'delta_g_score': 1, 'hairpin_score': 1.0}, {'primer': 'B3', 'sequence': 'AGAACCATCTGGATTACGG', 'gc': 47.37, 'tm': 55.58, 'delta_g_5p': -5.95, 'delta_g_3p': -6.99, 'hairpin': (False, -0.13), 'gc_score': 0.7, 'tm_score': 0.53, 'delta_g_score': 1, 'hairpin_score': 1.0}], 'distances': {'distance_F2_to_B2_end': 218, 'distance_F2_to_F1': 60, 'distance_F2_to_F3': 2, 'distance_B2_to_B1': 94, 'distance_B2_to_B3': 43}, 'distance_score': 0.25, 'dimer_count': 0, 'dimer_score': 1.0}"
Group_24,"{'single_primer_scores': [{'primer': 'F3', 'sequence': 'ACAAATCAAATATCAAGCCA', 'gc': 30.0, 'tm': 52.47, 'delta_g_5p': -5.09, 'delta_g_3p': -7.82, 'hairpin': (False, 0.0), 'gc_score': 0, 'tm_score': 0, 'delta_g_score': 1, 'hairpin_score': 1.0}, {'primer': 'F2', 'sequence': 'TTGGCTGAAGATAACAAGAG', 'gc': 40.0, 'tm': 54.47, 'delta_g_5p': -7.82, 'delta_g_3p': -5.45, 'hairpin': (False, 0.0), 'gc_score': 0.7, 'tm_score': 0.18, 'delta_g_score': 1, 'hairpin_score': 1.0}, {'primer': 'F1c', 'sequence': 'TTATCTCAATCACGTGCACAATC', 'gc': 39.13, 'tm': 58.97, 'delta_g_5p': -4.08, 'delta_g_3p': -5.08, 'hairpin': (False, 0.0), 'gc_score': 0, 'tm_score': 0, 'delta_g_score': 1, 'hairpin_score': 1.0}, {'primer': 'B1c', 'sequence': 'CATAACCTTGTGCATCGATAC', 'gc': 42.86, 'tm': 56.31, 'delta_g_5p': -4.35, 'delta_g_3p': -5.48, 'hairpin': (False, 0.0), 'gc_score': 0.7, 'tm_score': 0, 'delta_g_score': 1, 'hairpin_score': 1.0}, {'primer': 'B2', 'sequence': 'ATTTCTACACGGCGGTTTT', 'gc': 42.11, 'tm': 57.03, 'delta_g_5p': -4.82, 'delta_g_3p': -6.19, 'hairpin': (False, 0.0), 'gc_score': 0.7, 'tm_score': 0.84, 'delta_g_score': 1, 'hairpin_score': 1.0}, {'primer': 'B3', 'sequence': 'TTATTGTTTTGCATAGATG', 'gc': 26.32, 'tm': 47.67, 'delta_g_5p': -4.72, 'delta_g_3p': -4.48, 'hairpin': (False, 0.0), 'gc_score': 0, 'tm_score': 0, 'delta_g_score': 1, 'hairpin_score': 1.0}], 'distances': {'distance_F2_to_B2_end': 229, 'distance_F2_to_F1': 78, 'distance_F2_to_F3': 36, 'distance_B2_to_B1': 67, 'distance_B2_to_B3': 3}, 'distance_score': 0.27, 'dimer_count': 0, 'dimer_score': 1.0}"
Group_25,"{'single_primer_scores': [{'primer': 'F3', 'sequence': 'CGTGCATTAGTTATTTCGAC', 'gc': 40.0, 'tm': 54.27, 'delta_g_5p': -8.58, 'delta_g_3p': -6.68, 'hairpin': (False, 0.0), 'gc_score': 0.7, 'tm_score': 0.11, 'delta_g_score': 1, 'hairpin_score': 1.0}, {'primer': 'F2', 'sequence': 'TGGTAGGGGCAGCAGTAGTA', 'gc': 55.0, 'tm': 61.45, 'delta_g_5p': -5.62, 'delta_g_3p': -3.08, 'hairpin': (False, 0.0), 'gc_score': 1.0, 'tm_score': 0.99, 'delta_g_score': 0, 'hairpin_score': 1.0}, {'primer': 'F1c', 'sequence': 'TTGAATACGATAAAGCCGCATT', 'gc': 36.36, 'tm': 58.33, 'delta_g_5p': -5.45, 'delta_g_3p': -8.09, 'hairpin': (False, 0.0), 'gc_score': 0, 'tm_score': 0, 'delta_g_score': 1, 'hairpin_score': 1.0}, {'primer': 'B1c', 'sequence': 'TTGTTTTGACGGCTAGAGTTT', 'gc': 38.1, 'tm': 57.57, 'delta_g_5p': -5.55, 'delta_g_3p': -4.92, 'hairpin': (False, 0.0), 'gc_score': 0, 'tm_score': 0, 'delta_g_score': 1, 'hairpin_score': 1.0}, {'primer': 'B2', 'sequence': 'GCCATTTGTTGACGTAATTT', 'gc': 35.0, 'tm': 54.52, 'delta_g_5p': -7.59, 'delta_g_3p': -4.32, 'hairpin': (False, 0.0), 'gc_score': 0, 'tm_score': 0.2, 'delta_g_score': 1, 'hairpin_score': 1.0}, {'primer': 'B3', 'sequence': 'TGATCAATTGAACAGAACCA', 'gc': 35.0, 'tm': 54.26, 'delta_g_5p': -5.85, 'delta_g_3p': -6.58, 'hairpin': (False, 0.0), 'gc_score': 0, 'tm_score': 0.1, 'delta_g_score': 1, 'hairpin_score': 1.0}], 'distances': {'distance_F2_to_B2_end': 240, 'distance_F2_to_F1': 60, 'distance_F2_to_F3': 2, 'distance_B2_to_B1': 87, 'distance_B2_to_B3': 33}, 'distance_score': 0.28, 'dimer_count': 1, 'dimer_score': 0.67}"
Group_26,"{'single_primer_scores': [{'primer': 'F3', 'sequence': 'CGTGCATTAGTTATTTCGAC', 'gc': 40.0, 'tm': 54.27, 'delta_g_5p': -8.58, 'delta_g_3p': -6.68, 'hairpin': (False, 0.0), 'gc_score': 0.7, 'tm_score': 0.11, 'delta_g_score': 1, 'hairpin_score': 1.0}, {'primer': 'F2', 'sequence': 'TGGTAGGGGCAGCAGTAGTA', 'gc': 55.0, 'tm': 61.45, 'delta_g_5p': -5.62, 'delta_g_3p': -3.08, 'hairpin': (False, 0.0), 'gc_score': 1.0, 'tm_score': 0.99, 'delta_g_score': 0, 'hairpin_score': 1.0}, {'primer': 'F1c', 'sequence': 'TTGAATACGATAAAGCCGCATT', 'gc': 36.36, 'tm': 58.33, 'delta_g_5p': -5.45, 'delta_g_3p': -8.09, 'hairpin': (False, 0.0), 'gc_score': 0, 'tm_score': 0, 'delta_g_score': 1, 'hairpin_score': 1.0}, {'primer': 'B1c', 'sequence': 'CTGCAGCACGGTTGTTTTGA', 'gc': 50.0, 'tm': 61.46, 'delta_g_5p': -6.95, 'delta_g_3p': -5.92, 'hairpin': (False, 0.0), 'gc_score': 1.0, 'tm_score': 0.74, 'delta_g_score': 1, 'hairpin_score': 1.0}, {'primer': 'B2', 'sequence': 'GCCATTTGTTGACGTAATTT', 'gc': 35.0, 'tm': 54.52, 'delta_g_5p': -7.59, 'delta_g_3p': -4.32, 'hairpin': (False, 0.0), 'gc_score': 0, 'tm_score': 0.2, 'delta_g_score': 1, 'hairpin_score': 1.0}, {'primer': 'B3', 'sequence': 'TGATCAATTGAACAGAACCA', 'gc': 35.0, 'tm': 54.26, 'delta_g_5p': -5.85, 'delta_g_3p': -6.58, 'hairpin': (False, 0.0), 'gc_score': 0, 'tm_score': 0.1, 'delta_g_score': 1, 'hairpin_score': 1.0}], 'distances': {'distance_F2_to_B2_end': 240, 'distance_F2_to_F1': 60, 'distance_F2_to_F3': 2, 'distance_B2_to_B1': 76, 'distance_B2_to_B3': 33}, 'distance_score': 0.28, 'dimer_count': 1, 'dimer_score': 0.67}"
Group_27,"{'single_primer_scores': [{'primer': 'F3', 'sequence': 'ACTTCTATGCAACTTTAGACA', 'gc': 33.33, 'tm': 54.04, 'delta_g_5p': -4.68, 'delta_g_3p': -4.58, 'hairpin': (True, 0.0), 'gc_score': 0, 'tm_score': 0.02, 'delta_g_score': 1, 'hairpin_score': 0.5}, {'primer': 'F2', 'sequence': 'CGCTATTTTAGTCACTGGTT', 'gc': 40.0, 'tm': 54.87, 'delta_g_5p': -6.72, 'delta_g_3p': -6.35, 'hairpin': (False, 0.0), 'gc_score': 0.7, 'tm_score': 0.32, 'delta_g_score': 1, 'hairpin_score': 1.0}, {'primer': 'F1c', 'sequence': 'AAAACTATTTAGCTGGTAAAGGC', 'gc': 34.78, 'tm': 56.68, 'delta_g_5p': -4.92, 'delta_g_3p': -7.42, 'hairpin': (True, 0.24), 'gc_score': 0, 'tm_score': 0, 'delta_g_score': 1, 'hairpin_score': 0.5}, {'primer': 'B1c', 'sequence': 'GTTAGAAGAACCATAACCTTGTG', 'gc': 39.13, 'tm': 56.72, 'delta_g_5p': -4.18, 'delta_g_3p': -5.72, 'hairpin': (False, 0.0), 'gc_score': 0, 'tm_score': 0, 'delta_g_score': 1, 'hairpin_score': 1.0}, {'primer': 'B2', 'sequence': 'ATTTCTACACGGCGGTTTT', 'gc': 42.11, 'tm': 57.03, 'delta_g_5p': -4.82, 'delta_g_3p': -6.19, 'hairpin': (False, 0.0), 'gc_score': 0.7, 'tm_score': 0.84, 'delta_g_score': 1, 'hairpin_score': 1.0}, {'primer': 'B3', 'sequence': 'TTATTGTTTTGCATAGATG', 'gc': 26.32, 'tm': 47.67, 'delta_g_5p': -4.72, 'delta_g_3p': -4.48, 'hairpin': (False, 0.0), 'gc_score': 0, 'tm_score': 0, 'delta_g_score': 1, 'hairpin_score': 1.0}], 'distances': {'distance_F2_to_B2_end': 209, 'distance_F2_to_F1': 86, 'distance_F2_to_F3': 34, 'distance_B2_to_B1': 56, 'distance_B2_to_B3': 3}, 'distance_score': 0.32, 'dimer_count': 2, 'dimer_score': 0.33}"
Group_28,"{'single_primer_scores': [{'primer': 'F3', 'sequence': 'CTCAAACATTGGCTGAAGAT', 'gc': 40.0, 'tm': 55.42, 'delta_g_5p': -5.68, 'delta_g_3p': -4.82, 'hairpin': (False, 0.0), 'gc_score': 0.7, 'tm_score': 0.49, 'delta_g_score': 1, 'hairpin_score': 1.0}, {'primer': 'F2', 'sequence': 'ACAGATAACACTGGTAATGA', 'gc': 35.0, 'tm': 52.76, 'delta_g_5p': -4.85, 'delta_g_3p': -4.72, 'hairpin': (False, -0.42), 'gc_score': 0, 'tm_score': 0, 'delta_g_score': 1, 'hairpin_score': 1.0}, {'primer': 'F1c', 'sequence': 'CTGGTAAAGGCCTTTCATCTAG', 'gc': 45.45, 'tm': 57.77, 'delta_g_5p': -5.62, 'delta_g_3p': -3.85, 'hairpin': (False, 0.24), 'gc_score': 0.7, 'tm_score': 0, 'delta_g_score': 1, 'hairpin_score': 1.0}, {'primer': 'B1c', 'sequence': 'GTTAGAAGAACCATAACCTTGTG', 'gc': 39.13, 'tm': 56.72, 'delta_g_5p': -4.18, 'delta_g_3p': -5.72, 'hairpin': (False, 0.0), 'gc_score': 0, 'tm_score': 0, 'delta_g_score': 1, 'hairpin_score': 1.0}, {'primer': 'B2', 'sequence': 'ATTTCTACACGGCGGTTTT', 'gc': 42.11, 'tm': 57.03, 'delta_g_5p': -4.82, 'delta_g_3p': -6.19, 'hairpin': (False, 0.0), 'gc_score': 0.7, 'tm_score': 0.84, 'delta_g_score': 1, 'hairpin_score': 1.0}, {'primer': 'B3', 'sequence': 'TTATTGTTTTGCATAGATG', 'gc': 26.32, 'tm': 47.67, 'delta_g_5p': -4.72, 'delta_g_3p': -4.48, 'hairpin': (False, 0.0), 'gc_score': 0, 'tm_score': 0, 'delta_g_score': 1, 'hairpin_score': 1.0}], 'distances': {'distance_F2_to_B2_end': 187, 'distance_F2_to_F1': 76, 'distance_F2_to_F3': 30, 'distance_B2_to_B1': 56, 'distance_B2_to_B3': 3}, 'distance_score': 0.33, 'dimer_count': 3, 'dimer_score': 0}"
Group_29,"{'single_primer_scores': [{'primer': 'F3', 'sequence': 'CTCAAACATTGGCTGAAGAT', 'gc': 40.0, 'tm': 55.42, 'delta_g_5p': -5.68, 'delta_g_3p': -4.82, 'hairpin': (False, 0.0), 'gc_score': 0.7, 'tm_score': 0.49, 'delta_g_score': 1, 'hairpin_score': 1.0}, {'primer': 'F2', 'sequence': 'ACAGATAACACTGGTAATGA', 'gc': 35.0, 'tm': 52.76, 'delta_g_5p': -4.85, 'delta_g_3p': -4.72, 'hairpin': (False, -0.42), 'gc_score': 0, 'tm_score': 0, 'delta_g_score': 1, 'hairpin_score': 1.0}, {'primer': 'F1c', 'sequence': 'CTGGTAAAGGCCTTTCATCTAG', 'gc': 45.45, 'tm': 57.77, 'delta_g_5p': -5.62, 'delta_g_3p': -3.85, 'hairpin': (False, 0.24), 'gc_score': 0.7, 'tm_score': 0, 'delta_g_score': 1, 'hairpin_score': 1.0}, {'primer': 'B1c', 'sequence': 'CATAACCTTGTGCATCGATAC', 'gc': 42.86, 'tm': 56.31, 'delta_g_5p': -4.35, 'delta_g_3p': -5.48, 'hairpin': (False, 0.0), 'gc_score': 0.7, 'tm_score': 0, 'delta_g_score': 1, 'hairpin_score': 1.0}, {'primer': 'B2', 'sequence': 'ATTTCTACACGGCGGTTTT', 'gc': 42.11, 'tm': 57.03, 'delta_g_5p': -4.82, 'delta_g_3p': -6.19, 'hairpin': (False, 0.0), 'gc_score': 0.7, 'tm_score': 0.84, 'delta_g_score': 1, 'hairpin_score': 1.0}, {'primer': 'B3', 'sequence': 'TTATTGTTTTGCATAGATG', 'gc': 26.32, 'tm': 47.67, 'delta_g_5p': -4.72, 'delta_g_3p': -4.48, 'hairpin': (False, 0.0), 'gc_score': 0, 'tm_score': 0, 'delta_g_score': 1, 'hairpin_score': 1.0}], 'distances': {'distance_F2_to_B2_end': 187, 'distance_F2_to_F1': 76, 'distance_F2_to_F3': 30, 'distance_B2_to_B1': 67, 'distance_B2_to_B3': 3}, 'distance_score': 0.29, 'dimer_count': 3, 'dimer_score': 0}"
Group_30,"{'single_primer_scores': [{'primer': 'F3', 'sequence': 'ATCAAGCCAAACTTCTATGC', 'gc': 40.0, 'tm': 55.5, 'delta_g_5p': -5.22, 'delta_g_3p': -5.59, 'hairpin': (False, 0.05), 'gc_score': 0.7, 'tm_score': 0.51, 'delta_g_score': 1, 'hairpin_score': 1.0}, {'primer': 'F2', 'sequence': 'AACAAGAGCGCTATTTTAGT', 'gc': 35.0, 'tm': 54.46, 'delta_g_5p': -5.32, 'delta_g_3p': -4.19, 'hairpin': (False, 0.0), 'gc_score': 0, 'tm_score': 0.18, 'delta_g_score': 1, 'hairpin_score': 1.0}, {'primer': 'F1c', 'sequence': 'CGTGCACAATCAGTTAAAAACTA', 'gc': 34.78, 'tm': 57.46, 'delta_g_5p': -8.58, 'delta_g_3p': -4.19, 'hairpin': (False, -0.2), 'gc_score': 0, 'tm_score': 0, 'delta_g_score': 1, 'hairpin_score': 1.0}, {'primer': 'B1c', 'sequence': 'GTTAGAAGAACCATAACCTTGTG', 'gc': 39.13, 'tm': 56.72, 'delta_g_5p': -4.18, 'delta_g_3p': -5.72, 'hairpin': (False, 0.0), 'gc_score': 0, 'tm_score': 0, 'delta_g_score': 1, 'hairpin_score': 1.0}, {'primer': 'B2', 'sequence': 'ATTTCTACACGGCGGTTTT', 'gc': 42.11, 'tm': 57.03, 'delta_g_5p': -4.82, 'delta_g_3p': -6.19, 'hairpin': (False, 0.0), 'gc_score': 0.7, 'tm_score': 0.84, 'delta_g_score': 1, 'hairpin_score': 1.0}, {'primer': 'B3', 'sequence': 'TTATTGTTTTGCATAGATG', 'gc': 26.32, 'tm': 47.67, 'delta_g_5p': -4.72, 'delta_g_3p': -4.48, 'hairpin': (False, 0.0), 'gc_score': 0, 'tm_score': 0, 'delta_g_score': 1, 'hairpin_score': 1.0}], 'distances': {'distance_F2_to_B2_end': 217, 'distance_F2_to_F1': 78, 'distance_F2_to_F3': 37, 'distance_B2_to_B1': 56, 'distance_B2_to_B3': 3}, 'distance_score': 0.31, 'dimer_count': 0, 'dimer_score': 1.0}"
Group_31,"{'single_primer_scores': [{'primer': 'F3', 'sequence': 'ACAAATCAAATATCAAGCCA', 'gc': 30.0, 'tm': 52.47, 'delta_g_5p': -5.09, 'delta_g_3p': -7.82, 'hairpin': (False, 0.0), 'gc_score': 0, 'tm_score': 0, 'delta_g_score': 1, 'hairpin_score': 1.0}, {'primer': 'F2', 'sequence': 'TTGGCTGAAGATAACAAGAG', 'gc': 40.0, 'tm': 54.47, 'delta_g_5p': -7.82, 'delta_g_3p': -5.45, 'hairpin': (False, 0.0), 'gc_score': 0.7, 'tm_score': 0.18, 'delta_g_score': 1, 'hairpin_score': 1.0}, {'primer': 'F1c', 'sequence': 'TTATCTCAATCACGTGCACAATC', 'gc': 39.13, 'tm': 58.97, 'delta_g_5p': -4.08, 'delta_g_3p': -5.08, 'hairpin': (False, 0.0), 'gc_score': 0, 'tm_score': 0, 'delta_g_score': 1, 'hairpin_score': 1.0}, {'primer': 'B1c', 'sequence': 'GTTAGAAGAACCATAACCTTGTG', 'gc': 39.13, 'tm': 56.72, 'delta_g_5p': -4.18, 'delta_g_3p': -5.72, 'hairpin': (False, 0.0), 'gc_score': 0, 'tm_score': 0, 'delta_g_score': 1, 'hairpin_score': 1.0}, {'primer': 'B2', 'sequence': 'ATTTCTACACGGCGGTTTT', 'gc': 42.11, 'tm': 57.03, 'delta_g_5p': -4.82, 'delta_g_3p': -6.19, 'hairpin': (False, 0.0), 'gc_score': 0.7, 'tm_score': 0.84, 'delta_g_score': 1, 'hairpin_score': 1.0}, {'primer': 'B3', 'sequence': 'TTATTGTTTTGCATAGATG', 'gc': 26.32, 'tm': 47.67, 'delta_g_5p': -4.72, 'delta_g_3p': -4.48, 'hairpin': (False, 0.0), 'gc_score': 0, 'tm_score': 0, 'delta_g_score': 1, 'hairpin_score': 1.0}], 'distances': {'distance_F2_to_B2_end': 229, 'distance_F2_to_F1': 78, 'distance_F2_to_F3': 36, 'distance_B2_to_B1': 56, 'distance_B2_to_B3': 3}, 'distance_score': 0.31, 'dimer_count': 0, 'dimer_score': 1.0}"
